代號,名稱,九年股息發放率(%),九年平均配息,九年平均毛利率(%),九年平均ROE(%),九年平均EPS(元),九年平均營收成長率(%),九年平均本益比(倍),九年平均現金殖利率,label1y
1101,台泥,100.0,2.25,22.16,9.34,2.91,0.87,15.95,4.85,-1
1102,亞泥,100.0,2.03,17.63,7.2,2.83,2.12,15.11,4.75,-1
1103,嘉泥,88.88888889,0.61,5.01,2.5,0.94,-8.86,21.65,3.0,1
1104,環泥,100.0,1.01,11.38,7.68,1.96,1.95,10.97,4.7,-1
1108,幸福,66.66666667,0.37,10.77,4.05,0.46,1.86,25.0,3.22,-1
1109,信大,100.0,0.62,21.83,8.23,1.27,13.61,15.79,3.09,-1
1110,東泥,100.0,0.13,6.24,1.14,0.16,1.95,121.56,0.67,-1
1201,味全,55.55555556,0.43,30.29,3.4,0.49,-1.54,45.31,1.94,-1
1203,味王,100.0,0.97,27.16,9.54,1.44,0.38,22.95,2.93,-1
1210,大成,100.0,1.53,11.83,10.21,2.6,0.02,20.08,2.93,-1
1213,大飲,11.11111111,0.0,10.2,-1.18,-0.11,-5.52,-74.18,0.0,-1
1215,卜蜂,100.0,2.46,13.0,16.1,3.81,2.69,21.13,3.06,-1
1216,統一,100.0,2.4,32.66,17.33,3.26,2.44,20.71,3.56,-1
1217,愛之味,11.11111111,0.0,31.81,0.31,0.04,2.92,256.25,0.0,1
1218,泰山,44.44444444,0.39,16.48,4.36,0.53,-1.5,50.75,1.45,1
1219,福壽,100.0,0.31,7.53,2.37,0.45,1.99,44.89,1.53,-1
1220,台榮,100.0,0.52,11.28,4.95,0.64,-2.45,23.83,3.41,1
1225,福懋油,100.0,0.91,7.81,8.67,1.18,-3.72,42.8,1.8,1
1229,聯華,100.0,1.43,17.18,8.87,2.2,8.28,25.91,2.51,1
1231,聯華食,100.0,1.4,22.49,14.48,2.79,6.25,24.44,2.05,1
1232,大統益,100.0,4.73,9.51,24.17,5.51,-0.09,29.22,2.94,1
1233,天仁,100.0,1.87,58.1,12.14,2.01,-0.71,16.79,5.54,-1
1234,黑松,100.0,1.76,27.45,8.83,3.16,4.33,11.17,4.99,-1
1236,宏亞,100.0,0.59,27.83,4.41,0.67,-4.18,31.34,2.81,1
1304,台聚,100.0,0.57,11.54,6.92,1.11,-1.29,28.69,1.79,1
1305,華夏,100.0,0.98,16.1,14.14,1.97,1.26,17.41,2.86,1
1307,三芳,100.0,1.33,24.8,9.5,1.94,-1.67,10.57,6.49,-1
1308,亞聚,100.0,0.57,11.64,6.47,1.21,-0.43,31.2,1.51,1
1309,台達化,33.33333333,0.28,6.25,5.82,0.83,-1.01,40.78,0.83,-1
1310,台苯,77.77777778,0.98,7.85,8.38,1.3,-6.73,13.35,5.65,-1
1313,聯成化,100.0,0.51,5.15,4.21,0.7,3.82,30.21,2.41,1
1314,中石化,33.33333333,0.14,3.51,1.93,0.48,-7.5,26.46,1.1,1
1316,上曜,22.22222222,0.46,20.4,-2.91,-0.29,27.69,-70.0,2.27,1
1319,東陽,100.0,1.34,23.07,8.08,2.68,-0.07,12.39,4.04,-1
1321,大洋,11.11111111,0.11,6.25,0.08,0.22,-1.25,158.86,0.31,-1
1323,永裕,100.0,1.46,24.75,16.42,2.91,2.11,12.03,4.17,-1
1324,地球,100.0,0.44,17.45,3.65,0.48,-4.06,22.81,4.02,1
1325,恆大,100.0,1.8,19.33,11.25,3.22,42.85,14.91,3.75,-1
1326,台化,100.0,3.66,10.09,9.0,5.07,-3.92,15.64,4.62,-1
1402,遠東新,100.0,1.27,20.56,6.12,1.79,-1.19,15.81,4.49,-1
1409,新纖,100.0,0.51,14.31,4.61,0.88,-2.89,22.33,2.6,1
1410,南染,100.0,1.18,35.07,8.21,1.27,-4.59,29.33,3.17,-1
1414,東和紡,100.0,0.28,6.92,1.76,0.25,-5.71,70.8,1.58,1
1416,廣豐,88.88888889,1.17,-22.06,5.58,1.05,29.22,10.57,10.54,-1
1417,嘉裕,44.44444444,0.17,22.47,-2.97,-0.38,-7.6,-37.11,1.21,1
1418,東華,0.0,0.0,-30.67,-45.3,-2.94,-25.81,-3.83,0.0,1
1419,新光紡,100.0,0.96,24.59,4.06,1.11,8.85,39.37,2.2,-1
1423,利華,22.22222222,0.21,-5.82,1.02,0.22,-16.37,90.0,1.06,1
1435,中福,0.0,0.0,90.08,-0.41,-0.03,-3.71,-933.33,0.0,1
1437,勤益,55.55555556,0.37,44.36,2.56,1.07,-11.69,23.69,1.46,-1
1439,中和,66.66666667,0.83,2.7,3.19,0.8,-16.57,29.44,3.52,-1
1440,南紡,100.0,0.3,10.13,2.95,0.48,-2.89,48.13,1.3,1
1441,大東,22.22222222,0.06,0.06,-7.82,-0.35,-1.99,-26.57,0.65,-1
1443,立益,0.0,0.0,6.88,-26.93,-1.23,-14.43,-13.7,0.0,1
1444,力麗,66.66666667,0.28,6.74,1.84,0.27,-4.16,40.93,2.53,-1
1445,大宇,100.0,0.3,7.05,0.84,0.13,-9.17,120.38,1.92,1
1446,宏和,100.0,0.3,18.69,-0.48,-0.06,-4.17,-561.67,0.89,-1
1447,力鵬,44.44444444,0.02,3.36,0.85,0.1,-5.9,100.5,0.2,1
1449,佳和,0.0,0.0,4.61,-21.53,-0.97,-8.67,-15.41,0.0,-1
1451,年興,88.88888889,1.36,8.2,4.14,1.03,-6.03,19.81,6.67,1
1452,宏益纖,100.0,1.13,13.13,7.88,1.39,-5.57,17.05,4.77,1
1453,大將,55.55555556,0.0,-1.88,4.29,0.55,56.06,15.96,0.0,-1
1454,台富,100.0,0.28,8.24,1.89,0.23,-7.4,48.7,2.5,1
1455,集盛,88.88888889,0.2,2.7,1.12,0.14,-8.2,120.71,1.18,1
1456,怡華,0.0,0.0,11.4,-27.98,-0.37,1.81,-57.03,0.0,1
1457,宜進實,88.88888889,0.54,7.67,6.35,1.29,-7.12,13.91,3.01,1
1459,聯發,55.55555556,0.14,1.83,-1.77,-0.16,-7.95,-82.81,1.06,1
1460,宏遠興,66.66666667,0.23,16.86,3.18,0.36,0.03,26.25,2.43,-1
1463,強盛,88.88888889,1.13,24.32,9.41,1.26,19.94,11.75,7.64,1
1465,偉全,100.0,0.72,11.65,1.68,0.89,-16.31,13.71,5.9,-1
1466,聚隆,33.33333333,0.22,7.11,0.02,0.03,-7.99,506.67,1.45,-1
1467,南緯,44.44444444,0.2,19.02,0.17,0.23,1.9,60.22,1.44,-1
1468,昶和纖,11.11111111,0.02,9.89,-3.72,-0.29,0.44,-45.52,0.15,-1
1470,大統新創,88.88888889,0.46,19.73,4.95,0.54,-1.85,33.33,2.56,-1
1471,首利,11.11111111,0.0,-1.23,-11.14,-1.06,-15.76,-6.98,0.0,1
1472,三洋紡,11.11111111,0.01,2.17,-23.64,-1.64,-14.26,-19.6,0.03,1
1473,台南,100.0,1.02,16.43,-1.02,0.58,-6.0,30.78,5.71,-1
1474,弘裕,88.88888889,0.34,10.29,3.67,0.55,-3.48,27.09,2.28,1
1503,士電,100.0,1.4,19.14,6.18,2.52,2.68,21.11,2.63,-1
1504,東元,100.0,0.98,24.35,7.2,1.74,0.0,17.39,3.24,-1
1506,正道,0.0,0.0,10.98,-10.61,-0.73,-6.15,-18.15,0.0,1
1512,瑞利,11.11111111,0.06,9.2,-30.22,-1.11,-11.43,-3.33,1.62,-1
1513,中興電,100.0,1.16,17.98,8.44,1.57,5.8,28.63,2.58,-1
1514,亞力,100.0,0.54,14.58,5.62,0.8,3.95,29.19,2.31,-1
1515,力山,77.77777778,1.26,20.83,11.05,2.09,19.45,30.1,2.0,-1
1517,利奇,100.0,0.38,13.64,4.55,0.6,0.43,45.75,1.38,1
1519,華城,100.0,0.62,15.65,6.7,0.83,6.57,42.17,1.77,-1
1521,大億,100.0,4.0,16.43,20.35,4.73,1.95,8.84,9.57,-1
1522,堤維西,77.77777778,1.04,20.61,8.48,1.56,3.91,12.28,5.43,-1
1524,耿鼎,55.55555556,0.23,17.03,1.99,0.24,-5.08,41.67,2.3,-1
1525,江申,100.0,1.86,10.39,11.54,5.42,-1.98,10.94,3.14,-1
1526,日馳,66.66666667,0.64,23.5,11.97,1.67,8.18,29.1,1.32,-1
1527,鑽全,100.0,2.71,28.06,19.27,4.42,3.31,9.49,6.46,-1
1528,恩德,100.0,0.31,27.12,0.19,0.06,-0.03,180.83,2.86,1
1529,樂士,33.33333333,0.13,-14.99,-12.66,-0.05,50.64,-431.0,0.6,1
1530,亞崴,100.0,1.59,20.4,9.7,2.59,0.46,12.86,4.77,-1
1531,高林股,100.0,0.66,20.11,3.53,0.78,-8.81,19.55,4.33,1
1532,勤美,100.0,1.72,24.05,9.15,2.88,0.92,11.18,5.34,-1
1535,中宇,100.0,2.4,8.11,11.83,3.01,2.61,13.09,6.09,1
1537,廣隆,100.0,8.06,21.8,24.59,9.95,4.93,13.92,5.82,-1
1538,正峰新,11.11111111,0.06,14.54,-24.13,-1.51,-12.44,-7.42,0.54,1
1539,巨庭,66.66666667,0.77,11.21,10.22,1.84,8.12,11.33,3.69,1
1541,錩泰,66.66666667,1.52,17.1,14.3,2.27,15.87,19.03,3.52,-1
1558,伸興,100.0,9.14,25.65,19.2,12.83,4.69,11.22,6.35,-1
1560,中砂,100.0,3.36,30.33,14.66,4.11,3.52,21.8,3.75,1
1565,精華,100.0,21.76,38.76,31.95,28.42,5.03,10.73,7.13,-1
1569,濱川,66.66666667,0.36,14.09,2.99,0.69,6.1,36.38,1.43,-1
1570,力肯,66.66666667,0.47,23.24,11.14,1.27,7.52,19.02,1.95,1
1580,新麥,100.0,7.2,40.38,27.37,9.97,1.64,10.48,6.89,1
1582,信錦,100.0,4.77,23.7,15.79,5.94,1.7,11.52,6.97,-1
1583,程泰,100.0,2.45,24.97,11.62,4.36,-0.8,14.11,3.98,-1
1584,精剛,11.11111111,0.0,3.08,-5.51,-0.77,0.84,-22.73,0.0,1
1603,華電,66.66666667,0.39,12.15,5.69,1.45,-4.05,18.34,1.47,-1
1604,聲寶,100.0,1.15,20.26,10.07,1.63,-1.99,18.07,3.9,1
1608,華榮,55.55555556,0.39,2.4,2.51,0.46,-7.07,46.52,1.82,1
1609,大亞,66.66666667,0.19,6.34,3.68,0.4,-1.12,60.25,0.79,1
1611,中電,55.55555556,0.32,22.62,0.06,0.0,-11.08,0.0,1.88,1
1612,宏泰,100.0,0.51,6.36,3.6,0.54,-1.59,46.48,2.03,1
1614,三洋電,100.0,0.86,19.94,5.03,0.98,-1.08,37.09,2.37,-1
1615,大山,100.0,0.72,9.27,8.22,1.19,-1.39,26.89,2.25,1
1616,億泰,11.11111111,0.0,4.02,-0.82,-0.07,-6.55,-182.14,0.0,1
1617,榮星,77.77777778,0.39,10.73,4.48,0.53,-5.13,33.96,2.17,1
1618,合機,88.88888889,0.28,6.81,1.93,0.35,0.13,40.71,1.96,1
1702,南僑,100.0,2.21,33.7,17.86,3.81,5.48,12.87,4.51,-1
1707,葡萄王,100.0,5.79,85.14,33.43,8.32,10.91,19.65,3.54,-1
1709,和益,100.0,0.88,14.03,6.85,1.02,-4.14,22.21,3.89,1
1710,東聯,88.88888889,0.88,9.31,2.9,0.55,5.33,40.73,3.93,1
1711,永光,100.0,0.46,22.36,5.97,0.88,1.02,29.72,1.76,1
1712,興農,100.0,0.99,26.55,9.3,1.47,3.5,18.98,3.55,1
1713,國化,100.0,0.54,15.3,3.88,0.58,-1.51,41.38,2.25,1
1717,長興,100.0,1.29,19.65,10.1,1.95,0.37,18.69,3.54,-1
1718,中纖,44.44444444,0.04,31.52,6.7,0.5,-0.17,20.1,0.4,-1
1720,生達,100.0,1.56,43.33,10.14,2.05,3.13,19.44,3.91,-1
1721,三晃,33.33333333,0.16,9.97,5.21,0.52,-6.14,55.0,0.56,1
1722,台肥,100.0,2.21,19.63,4.27,2.23,-5.13,30.76,3.22,1
1723,中碳,100.0,5.63,27.18,21.41,6.41,-3.27,17.94,4.9,-1
1725,元禎,88.88888889,0.67,4.34,5.38,0.87,-4.64,41.38,1.86,1
1726,永記,100.0,3.67,26.49,11.4,5.47,0.33,13.44,4.99,-1
1727,中華化,88.88888889,0.43,13.48,6.23,0.66,-1.03,79.09,0.82,1
1730,花仙子,100.0,2.56,45.0,17.24,3.58,11.46,17.74,4.03,-1
1731,美吾華,100.0,0.59,46.69,5.16,0.68,-6.76,27.87,3.11,1
1732,毛寶,11.11111111,0.06,42.04,0.59,0.07,-0.62,474.29,0.18,1
1733,五鼎,100.0,2.07,28.65,10.88,2.06,1.02,11.87,8.47,-1
1734,杏輝,100.0,0.36,37.73,-0.28,0.47,3.49,61.38,1.25,-1
1737,台鹽,100.0,1.17,38.61,4.71,1.39,3.58,23.88,3.52,-1
1742,台蠟,11.11111111,0.02,4.96,-6.91,-0.71,4.09,-28.38,0.1,-1
1752,南光,100.0,1.13,33.91,7.55,1.47,9.33,24.56,3.13,-1
1773,勝一,100.0,3.39,22.74,17.93,5.04,1.71,28.17,2.39,1
1777,生泰,100.0,2.87,33.28,13.91,4.33,10.87,15.24,4.35,-1
1781,合世,22.22222222,0.07,11.37,-0.62,-0.11,7.76,-147.27,0.43,-1
1784,訊聯,77.77777778,0.43,54.76,1.09,0.48,3.93,86.88,1.03,-1
1785,光洋科,66.66666667,0.65,6.68,3.72,0.64,-1.88,78.13,1.3,-1
1788,杏昌,100.0,5.44,22.11,14.64,6.64,5.5,20.93,3.91,1
1802,台玻,55.55555556,0.17,10.75,-1.38,-0.25,1.81,-106.2,0.64,1
1806,冠軍,11.11111111,0.01,27.3,-3.44,-0.53,-6.2,-21.6,0.09,1
1809,中釉,100.0,0.27,20.23,0.95,0.29,-7.7,49.66,1.88,1
1813,寶利徠,88.88888889,1.22,23.02,6.85,1.47,1.43,12.24,6.78,-1
1815,富喬,66.66666667,0.26,18.0,1.67,0.29,-1.98,56.9,1.58,1
1904,正隆,100.0,0.83,18.89,7.69,1.69,-0.9,20.03,2.45,-1
1905,華紙,55.55555556,0.21,7.37,0.49,0.08,36.86,292.5,0.9,1
1906,寶隆,66.66666667,0.45,11.48,5.99,1.71,33.92,11.7,2.25,1
1907,永豐餘,88.88888889,0.54,16.76,4.22,0.9,3.68,38.78,1.55,1
1909,榮成,100.0,0.86,17.01,7.05,1.38,6.96,17.79,3.5,1
2002,中鋼,100.0,0.78,9.45,4.64,0.85,-1.82,40.12,2.29,1
2008,高興昌,0.0,0.0,-5.42,8.26,0.78,-13.46,25.58,0.0,1
2010,春源,100.0,0.6,6.37,4.02,0.69,-2.77,32.39,2.68,1
2012,春雨,88.88888889,0.68,16.06,6.73,0.76,-1.19,39.61,2.26,1
2013,中鋼構,100.0,1.05,3.2,6.24,1.43,-2.53,38.67,1.9,1
2015,豐興鋼,100.0,3.06,11.79,12.21,3.59,-2.54,21.98,3.88,1
2020,美亞鋼,88.88888889,0.96,11.26,7.0,0.97,-3.55,32.94,3.0,1
2022,聚亨,11.11111111,0.06,5.28,-4.52,-0.54,-0.95,-25.74,0.43,1
2023,燁輝,55.55555556,0.12,7.46,0.4,0.23,-0.76,103.91,0.5,1
2024,志聯,77.77777778,0.41,10.35,3.97,0.5,-4.65,39.8,2.06,1
2025,千興,0.0,0.0,-6.62,-18.37,-0.76,-12.32,-6.97,0.0,1
2027,大成鋼,100.0,0.89,15.63,6.65,1.3,5.96,35.54,1.93,1
2030,彰源,66.66666667,0.42,9.35,4.62,0.63,-4.81,48.73,1.37,1
2031,新光鋼,100.0,1.21,5.36,6.52,1.36,4.19,42.13,2.11,1
2032,新鋼,88.88888889,0.3,4.6,2.5,0.32,-4.1,72.97,1.28,1
2033,佳大,66.66666667,0.21,11.42,1.56,0.19,-3.49,90.53,1.22,1
2034,允強,100.0,1.51,8.72,9.21,1.72,-7.39,18.4,4.77,1
2035,唐榮,0.0,0.0,-1.33,-6.27,-1.07,-6.19,-33.69,0.0,-1
2038,海光,33.33333333,0.03,0.86,-1.42,-0.33,-3.89,-104.7,0.09,1
2049,上銀科,100.0,2.96,35.4,13.65,8.5,5.67,33.24,1.05,-1
2059,川湖,100.0,7.71,53.84,19.82,15.41,7.6,31.8,1.57,1
2062,橋椿,100.0,1.13,18.57,8.06,2.42,3.83,11.28,4.14,-1
2102,泰豐,66.66666667,0.09,17.83,-0.72,-0.07,-6.69,-397.14,0.32,1
2104,中橡,100.0,1.33,21.87,7.26,2.54,-2.06,10.08,5.2,-1
2105,正新,100.0,2.07,25.69,13.92,3.34,-2.24,10.19,6.08,-1
2107,厚生,100.0,1.29,40.63,9.73,2.3,7.02,9.91,5.66,-1
2108,南帝,100.0,1.45,22.26,14.74,2.41,3.66,35.06,1.72,1
2109,華豐,44.44444444,0.21,20.98,3.49,0.12,-4.15,137.5,1.27,1
2114,鑫永銓,100.0,5.0,35.7,20.05,6.35,-1.4,18.9,4.17,1
2201,裕隆,88.88888889,0.65,16.75,0.03,-0.25,1.37,-165.8,1.57,-1
2206,三陽,77.77777778,0.76,15.82,5.44,1.07,1.66,24.49,2.9,-1
2207,和泰車,100.0,12.34,14.18,23.2,18.44,6.61,33.19,2.02,-1
2221,大甲,100.0,1.04,22.24,10.23,1.62,3.72,26.33,2.44,1
2227,裕日車,100.0,19.53,15.44,27.13,19.96,-0.68,12.47,7.84,-1
2231,為升,100.0,6.53,48.02,29.41,8.41,14.62,21.58,3.6,-1
2302,麗正,44.44444444,0.08,27.28,0.54,0.06,1.49,288.33,0.46,-1
2303,聯電,100.0,0.69,18.96,4.54,1.0,4.93,68.3,1.01,1
2305,全友,0.0,0.0,35.0,5.1,0.46,-3.51,19.09,0.0,-1
2308,台達電,100.0,5.39,27.18,16.46,7.8,5.72,33.53,2.06,1
2312,金寶,77.77777778,0.21,6.38,1.46,0.19,23.93,69.47,1.59,-1
2313,華通,100.0,0.88,14.97,12.23,2.21,11.31,18.64,2.14,-1
2314,台揚,33.33333333,0.06,13.32,-8.33,-0.67,-4.2,-116.72,0.08,1
2316,楠梓電,77.77777778,1.11,8.58,10.22,2.71,-4.57,10.74,3.81,-1
2317,鴻海,100.0,3.31,6.73,12.4,8.31,5.13,12.64,3.15,1
2321,東訊,11.11111111,0.09,10.45,-11.55,-0.54,-19.79,-11.8,1.41,-1
2323,中環,22.22222222,0.1,6.44,-4.7,-0.53,-9.09,-16.98,1.11,-1
2324,仁寶,100.0,1.29,3.79,7.0,1.63,5.07,14.29,5.54,1
2327,國巨,88.88888889,10.21,32.22,20.82,17.35,21.18,27.23,2.16,-1
2328,廣宇,100.0,0.61,9.17,6.84,1.27,4.42,29.92,1.61,1
2329,華泰電,11.11111111,0.02,8.81,3.37,0.21,4.33,123.1,0.08,1
2330,台積電,100.0,5.89,49.05,25.02,12.07,13.85,50.37,0.97,1
2331,精英,66.66666667,1.29,10.07,3.51,0.76,-9.95,30.72,5.52,-1
2332,友訊,77.77777778,0.34,27.61,-0.36,-0.11,-7.92,-165.45,1.87,-1
2338,光罩,77.77777778,0.57,16.96,2.79,0.69,12.4,158.7,0.52,1
2340,光磊,100.0,0.91,26.97,7.8,1.2,-2.88,49.0,1.55,1
2344,華邦電,66.66666667,0.33,27.84,5.41,0.68,6.8,47.94,1.01,-1
2347,聯強,100.0,2.3,3.76,12.92,3.52,0.97,16.93,3.86,1
2348,海悅,55.55555556,2.14,39.61,-204.2,-1.51,89.22,-68.87,2.06,1
2349,錸德,11.11111111,0.03,3.05,-12.47,-1.22,-12.14,-7.52,0.33,-1
2352,佳世達,77.77777778,0.77,11.83,8.17,1.44,5.35,20.8,2.57,1
2353,宏碁,66.66666667,0.53,9.7,-1.66,-0.51,-5.22,-59.12,1.76,1
2354,鴻準,100.0,2.49,12.37,9.96,6.36,1.78,10.13,3.87,1
2355,敬鵬,100.0,1.89,12.97,9.0,3.33,0.15,10.81,5.25,-1
2356,英業達,100.0,1.48,4.98,8.5,1.7,3.52,15.09,5.77,-1
2357,華碩,100.0,17.52,14.46,12.18,23.58,1.35,15.5,4.79,1
2358,廷鑫,22.22222222,0.03,2.54,-8.95,-0.68,18.36,-31.62,0.14,1
2360,致茂,100.0,3.22,42.54,15.22,4.41,2.37,41.27,1.77,-1
2364,倫飛,0.0,0.0,20.91,-24.17,-0.91,-6.62,-22.09,0.0,1
2365,昆盈,88.88888889,0.24,21.65,1.44,0.2,-15.23,55.0,2.18,-1
2368,金像,11.11111111,0.17,11.94,0.52,0.09,4.25,812.22,0.23,1
2369,菱生,77.77777778,0.38,9.06,0.28,0.09,-1.38,300.0,1.41,1
2371,大同,0.0,0.0,9.31,-17.65,-0.93,-14.34,-37.2,0.0,1
2373,震旦行,100.0,4.42,43.27,17.76,4.96,0.41,18.21,4.89,-1
2374,佳能,88.88888889,0.98,11.65,1.85,0.4,-23.41,59.63,4.11,1
2375,凱美,66.66666667,1.08,17.96,11.86,3.6,11.92,32.36,0.93,1
2376,技嘉,100.0,3.0,17.03,10.5,3.9,7.75,36.15,2.13,1
2380,虹光,11.11111111,0.03,24.69,-14.05,-1.57,-5.96,-8.76,0.22,1
2382,廣達,100.0,3.88,4.64,13.48,4.74,0.14,18.52,4.42,-1
2385,群光,100.0,4.62,16.39,18.58,6.28,5.25,12.91,5.7,-1
2387,精元,100.0,0.65,12.85,5.36,1.61,7.8,28.85,1.4,-1
2388,威盛,11.11111111,0.09,29.85,-4.34,-0.22,3.82,-410.91,0.1,1
2390,云辰,33.33333333,0.08,19.94,-0.9,-0.1,-3.66,-211.0,0.38,1
2392,正崴,100.0,2.17,10.34,5.4,3.15,1.97,12.11,5.69,-1
2395,研華,100.0,6.3,39.83,22.51,8.45,7.77,44.26,1.68,1
2397,友通,100.0,3.41,30.79,12.66,3.64,19.41,16.46,5.69,-1
2399,映泰,44.44444444,0.26,10.52,0.54,0.01,-11.36,2380.0,1.09,1
2401,凌陽,77.77777778,0.43,41.26,2.82,0.24,-2.44,171.88,1.04,1
2402,毅嘉,66.66666667,0.52,9.76,2.98,0.62,-4.96,26.85,3.12,-1
2404,漢唐,100.0,6.97,16.12,25.11,8.04,17.65,22.01,3.94,-1
2405,浩鑫,33.33333333,0.15,17.55,-0.12,0.0,-12.09,0.0,1.19,1
2408,南亞科,77.77777778,2.19,24.79,12.01,6.5,9.77,12.12,2.78,-1
2409,友達,77.77777778,0.43,8.32,-0.3,0.02,-3.41,1042.5,2.06,1
2412,中華電,100.0,4.81,35.21,10.41,4.89,-0.55,23.21,4.24,-1
2413,環科,11.11111111,0.06,15.57,-2.5,-0.32,2.92,-69.53,0.27,-1
2414,精技,100.0,1.34,8.92,8.59,1.54,3.8,25.42,3.42,1
2415,錩新,100.0,0.85,23.97,6.52,1.37,1.25,34.27,1.81,1
2417,圓剛,100.0,0.34,46.88,2.01,0.3,6.74,84.33,1.34,-1
2419,仲琦,100.0,0.94,22.46,8.75,1.08,7.06,22.31,3.9,-1
2420,新巨,100.0,2.65,36.61,17.9,3.29,-3.77,14.15,5.69,1
2421,建準,100.0,1.71,21.68,12.93,2.08,5.92,20.1,4.09,-1
2423,固緯,100.0,1.02,48.29,10.61,1.62,2.1,17.41,3.62,1
2425,承啟,88.88888888888889,0.43,6.02,11.03,1.56,25.38,17.53,1.57,-1
2427,三商電,77.77777777777779,0.21,28.44,2.56,0.31,5.03,35.65,1.9,-1
2428,興勤,100.0,3.26,32.67,16.63,6.71,3.73,22.88,2.12,-1
2429,銘旺科,0.0,0.0,5.43,-11.61,-1.1,10.2,-23.09,0.0,1
2430,燦坤,100.0,1.38,15.46,7.97,2.1,-4.33,19.9,3.3,1
2431,聯昌,44.44444444444444,0.16,10.06,0.12,0.03,2.91,435.0,1.23,-1
2433,互盛電,100.0,3.34,37.3,13.5,3.82,9.4,13.43,6.51,-1
2434,統懋,11.11111111111111,0.05,-33.85,-23.12,-1.33,-14.32,-30.08,0.13,1
2436,偉詮,100.0,0.79,23.74,6.36,0.93,2.95,106.45,0.8,1
2438,翔耀,11.11111111111111,0.03,15.91,-3.82,-0.62,104.65,-22.02,0.22,1
2440,太空梭,11.11111111111111,0.07,7.26,-0.23,-0.04,3.59,-413.75,0.42,1
2441,超豐,100.0,2.61,25.53,14.61,3.68,6.32,21.14,3.35,1
2443,億麗,11.11111111111111,0.0,-2.1,-20.22,-1.35,-6.61,-2.21,0.0,-1
2444,友旺,44.44444444444444,0.13,13.07,-2.98,-0.22,-0.33,-54.55,1.08,-1
2449,京元電,100.0,1.63,27.75,10.21,2.03,7.67,21.87,3.67,1
2453,凌群,100.0,0.71,22.07,5.33,0.95,4.63,27.74,2.69,1
2454,聯發科,100.0,14.78,41.43,11.53,18.3,17.54,57.92,1.39,1
2455,全新,100.0,2.36,36.79,15.22,2.24,2.75,65.85,1.6,1
2457,飛宏,33.33333333333333,0.22,13.2,-1.46,-0.22,-4.43,-164.55,0.61,1
2458,義隆電,100.0,4.1,44.41,20.46,4.49,13.72,36.08,2.53,1
2459,敦吉,100.0,2.6,12.46,9.85,3.66,-7.69,15.98,4.44,1
2460,建通,22.22222222222222,0.05,11.13,-0.75,-0.09,-2.57,-300.56,0.18,1
2461,光群雷,88.88888888888889,0.53,23.91,4.72,0.83,6.31,27.53,2.32,1
2462,良得,88.88888888888889,0.87,12.03,7.01,1.34,-0.66,20.93,3.1,-1
2464,盟立,100.0,1.89,17.59,13.98,2.64,7.37,15.89,4.51,-1
2465,麗台,11.11111111111111,0.0,13.68,-13.59,-0.76,7.6,-97.76,0.0,1
2466,冠西電,11.11111111111111,0.0,9.65,-2.73,-0.29,0.9,-124.83,0.0,-1
2467,志聖,88.88888888888889,1.53,31.58,8.9,1.64,0.46,30.91,3.02,1
2468,華經,100.0,0.41,12.03,3.47,0.55,4.0,23.82,3.13,-1
2471,資通,100.0,1.24,35.39,8.84,1.39,0.09,18.09,4.93,-1
2472,立隆,100.0,2.05,23.57,12.17,3.28,3.28,20.79,3.01,-1
2474,可成,100.0,9.21,39.89,17.83,24.95,11.01,5.99,6.16,-1
2476,鉅祥,100.0,1.37,27.65,8.32,1.85,0.56,34.11,2.17,1
2477,美隆電,88.88888888888889,1.21,20.71,9.89,1.41,-2.69,22.13,3.88,-1
2478,大毅,100.0,1.05,20.47,7.41,2.07,5.78,32.27,1.57,-1
2481,強茂,66.66666666666666,0.57,18.85,2.4,0.71,-2.92,157.04,0.51,1
2482,連宇,22.22222222222222,0.05,40.14,-0.88,-0.1,0.34,-144.0,0.35,1
2483,百容,100.0,1.11,23.54,5.78,1.23,0.0,19.51,4.63,1
2484,希華,88.88888888888889,0.98,19.07,5.67,1.04,1.03,38.75,2.43,1
2485,兆赫,77.77777777777779,0.97,12.39,4.93,1.16,-0.71,18.36,4.55,-1
2486,一詮,33.33333333333333,0.22,10.05,-2.02,-0.27,-0.69,-198.15,0.41,1
2488,漢平,100.0,2.01,23.58,13.08,2.99,4.47,9.11,7.38,-1
2489,瑞軒,66.66666666666666,1.1,10.01,5.15,0.95,-5.4,19.0,6.09,1
2491,吉祥全,11.11111111111111,0.04,14.94,-0.03,0.17,-9.32,127.35,0.18,1
2492,華新科,77.77777777777779,3.79,24.67,15.5,8.57,12.0,20.13,2.2,-1
2493,揚博,100.0,2.33,28.65,13.56,2.64,0.99,14.24,6.2,1
2495,普安,100.0,0.51,46.31,3.5,0.52,-5.93,28.85,3.4,1
2496,卓越,55.55555555555556,2.11,27.2,-15.15,2.67,42.0,18.5,4.27,-1
2497,怡利電,55.55555555555556,0.84,23.99,5.09,0.85,-0.29,83.06,1.19,1
2498,宏達電,33.33333333333333,0.31,16.59,-7.91,-3.98,-36.48,-21.41,0.36,1
2501,國建,88.88888888888889,1.09,29.43,8.89,1.57,11.48,12.39,5.6,-1
2504,國產,77.77777777777779,0.36,6.33,0.17,0.35,-1.83,76.86,1.34,1
2505,國揚,88.88888888888889,0.51,28.62,12.78,1.65,172.42,14.33,2.16,-1
2509,全坤興,100.0,1.02,38.68,7.88,1.72,1164.02,10.61,5.59,-1
2514,龍邦,77.77777777777779,0.22,35.09,7.98,1.25,972.23,14.36,1.23,1
2520,冠德,100.0,1.28,27.59,11.3,2.68,19.92,14.46,3.3,1
2524,京城,22.22222222222222,0.31,42.51,9.9,2.75,23.43,15.24,0.74,-1
2527,宏璟,100.0,1.12,30.99,5.79,1.62,318.67,20.03,3.45,1
2530,華建,55.55555555555556,0.33,36.28,1.99,0.3,4311.79,48.67,2.26,-1
2536,宏普,100.0,1.58,31.18,8.36,2.74,9.23,8.23,7.01,-1
2538,基泰,100.0,1.01,49.56,6.97,1.16,15.25,12.07,7.21,1
2539,櫻花建,100.0,0.78,33.89,19.97,2.83,14.2,11.01,2.5,-1
2540,金尚昌,11.11111111111111,0.11,42.99,2.44,2.05,1572.81,36.49,0.15,-1
2543,皇昌,22.22222222222222,0.07,2.88,2.12,0.22,5.86,34.5,0.92,-1
2545,皇翔,100.0,3.36,43.39,14.23,4.48,73.3,8.25,9.09,-1
2546,根基,100.0,1.97,5.84,11.72,2.67,11.1,18.61,3.96,-1
2547,日勝生,66.66666666666666,0.54,41.06,7.37,1.09,217.29,9.17,5.4,1
2548,華固,100.0,5.64,34.39,15.68,8.11,27.82,11.36,6.12,-1
2596,綠意,100.0,1.55,39.96,13.56,2.35,79.51,9.98,6.61,-1
2601,益航,44.44444444444444,0.11,64.81,1.41,-0.35,-0.75,-37.86,0.83,1
2603,長榮海,33.33333333333333,0.31,5.32,2.29,0.44,8.13,303.41,0.23,1
2606,裕民,100.0,1.62,11.19,4.63,1.38,1.12,40.72,2.88,1
2607,榮運,100.0,0.33,14.88,3.46,0.7,1.83,42.0,1.12,1
2608,大榮,100.0,1.5,25.83,14.2,2.47,6.13,18.06,3.36,-1
2609,陽明,11.11111111111111,0.14,2.2,-10.11,-1.3,3.16,-93.08,0.12,1
2611,志信,66.66666666666666,0.2,24.95,2.99,0.5,3.09,40.2,1.0,1
2612,中航,100.0,1.0,24.05,3.24,1.44,-0.53,39.65,1.75,1
2613,中櫃,88.88888888888889,0.16,9.37,2.01,0.61,1.29,43.77,0.6,1
2614,東森,44.44444444444444,0.37,23.15,-3.9,-0.36,0.81,-90.56,1.13,1
2615,萬海,100.0,0.9,11.71,10.25,1.64,2.58,100.3,0.55,1
2616,山隆,100.0,1.8,7.92,9.46,2.51,-0.24,14.38,4.99,1
2617,台航,88.88888888888889,0.69,16.4,4.54,1.07,-3.19,34.67,1.86,1
2618,長榮航,55.55555555555556,0.16,11.63,5.39,0.62,-0.26,40.56,0.64,1
2636,台驊,100.0,1.45,17.29,10.84,2.26,8.02,62.83,1.02,1
2701,萬企,100.0,0.24,52.54,4.44,0.72,-3.44,16.88,1.98,-1
2704,國賓,77.77777777777779,0.44,39.38,3.69,0.95,-2.91,33.05,1.4,-1
2706,第一店,100.0,0.25,70.56,5.17,0.91,-2.51,15.6,1.76,-1
2707,晶華,100.0,7.76,35.05,30.51,9.21,0.23,16.02,5.26,-1
2809,京城銀,100.0,1.42,9.1,14.73,3.74,6.77,10.83,3.51,-1
2816,旺旺保,77.77777777777779,0.63,33.02,13.25,2.37,7.96,8.23,3.23,-1
2820,華票,100.0,0.78,5.49,6.3,1.05,4.67,16.57,4.48,1
2823,中壽,88.88888888888889,0.47,5.53,10.64,2.54,9.11,12.07,1.53,1
2834,台企銀,100.0,0.12,5.52,7.34,0.87,2.03,11.1,1.24,-1
2841,台開,33.33333333333333,0.07,75.38,6.96,1.36,49.54,3.36,1.53,-1
2850,新產,100.0,1.62,32.71,14.37,4.01,7.2,11.82,3.42,1
2851,中再保,100.0,0.91,10.37,9.72,1.72,3.56,16.74,3.16,1
2852,第一保,88.88888888888889,0.67,31.71,8.79,1.52,3.63,9.54,4.62,-1
2855,統一證,100.0,0.74,83.55,7.08,1.27,10.62,18.23,3.2,1
2880,華南金,100.0,0.56,5.29,7.98,1.18,2.74,17.46,2.72,1
2881,富邦金,100.0,2.09,1.39,12.35,5.21,12.85,14.18,2.83,1
2882,國泰金,100.0,1.87,0.92,10.08,3.89,9.97,15.4,3.12,1
2883,開發金,100.0,0.47,9.57,5.47,0.64,40.25,25.55,2.87,1
2884,玉山金,100.0,0.52,7.28,10.8,1.55,9.53,17.97,1.87,-1
2885,元大金,100.0,0.66,9.28,7.52,1.32,11.94,18.75,2.67,1
2886,兆豐金,100.0,1.45,6.76,9.47,2.02,3.61,16.91,4.25,1
2887,台新金,100.0,0.44,7.96,8.69,1.14,-0.21,16.27,2.37,1
2889,國票金,100.0,0.43,8.37,6.15,0.75,4.54,21.2,2.7,1
2891,中信金,100.0,0.92,5.69,12.64,1.93,17.05,13.06,3.65,1
2892,第一金,100.0,0.85,6.03,8.57,1.4,3.54,16.96,3.58,1
2901,欣欣,100.0,0.39,78.79,3.75,0.44,-3.84,56.7,1.56,-1
2903,遠東百,100.0,0.93,47.07,5.82,1.17,-1.56,18.38,4.33,-1
2905,三商行,100.0,0.77,8.48,9.2,2.18,6.63,10.55,3.35,-1
2906,高林,100.0,0.5,22.89,3.77,0.4,-0.93,38.62,3.24,-1
2908,特力,100.0,1.06,29.0,8.76,1.22,1.8,17.79,4.88,-1
2911,麗嬰房,22.22222222222222,0.14,45.77,-2.17,-0.27,-8.11,-30.0,1.73,-1
2912,統一超,100.0,9.43,32.79,34.58,11.11,4.91,24.75,3.43,-1
2913,農林,66.66666666666666,0.32,37.4,3.41,0.69,16.81,27.97,1.66,-1
2915,潤泰全,100.0,3.65,49.83,35.4,16.01,82.65,6.06,3.76,1
2916,滿心,100.0,1.08,46.15,7.4,1.22,-1.2,17.17,5.16,1
3002,歐格,88.88888888888889,0.43,30.1,3.66,0.5,9.9,24.0,3.58,-1
3004,豐達,88.88888888888889,1.44,30.46,14.25,3.5,9.28,16.97,2.42,-1
3005,神基,100.0,2.19,24.89,10.8,2.66,6.65,20.26,4.06,1
3008,大立光,100.0,59.39,60.12,31.87,152.96,17.26,13.04,2.98,-1
3011,今皓,11.11111111111111,0.01,9.57,-5.07,-0.57,-4.68,-20.18,0.09,-1
3013,晟銘,66.66666666666666,0.25,12.3,5.64,0.68,8.43,19.71,1.87,-1
3014,聯陽,100.0,2.74,47.96,10.91,2.67,2.91,40.82,2.51,1
3015,全漢,100.0,1.58,12.26,4.99,1.78,-1.85,24.69,3.59,-1
3017,奇鋐,100.0,1.13,12.71,9.01,2.23,8.75,39.33,1.29,1
3019,亞光,55.55555555555556,0.88,16.09,2.95,0.75,-4.42,129.2,0.91,1
3021,衛展,77.77777777777779,0.47,23.38,8.08,0.96,6.75,25.63,1.91,1
3022,威強電,100.0,2.09,33.34,14.94,3.71,-0.97,12.16,4.63,-1
3024,憶聲,33.33333333333333,0.07,16.78,-0.56,-0.15,-18.35,-89.67,0.52,1
3025,星通,77.77777777777779,0.33,46.73,3.48,0.41,-0.88,57.07,1.41,-1
3026,禾伸堂,100.0,4.71,18.02,9.76,5.42,-0.01,22.42,3.88,-1
3027,盛達,55.55555555555556,0.08,29.37,-0.81,0.14,-1.42,165.36,0.35,-1
3028,增你強,100.0,1.51,5.34,7.39,1.61,0.85,19.41,4.83,1
3029,零壹,100.0,1.34,9.66,10.68,1.83,11.25,24.1,3.04,1
3030,德律,100.0,3.62,53.03,18.12,4.1,6.73,13.93,6.34,-1
3032,偉訓,100.0,1.99,18.18,10.42,2.4,17.12,13.15,6.31,-1
3033,威健,100.0,1.36,6.02,10.5,1.7,7.51,17.18,4.66,1
3035,智原,100.0,1.57,47.75,7.97,1.74,0.68,109.2,0.83,1
3038,全台,66.66666666666666,0.45,16.8,6.81,0.79,0.57,23.73,2.4,-1
3040,遠見,100.0,3.54,58.65,15.3,3.55,-8.34,10.7,9.32,-1
3041,揚智,33.33333333333333,0.57,36.69,-2.77,-0.31,-4.49,-111.45,1.65,-1
3042,晶技,100.0,2.56,24.71,10.93,3.14,1.92,33.6,2.43,1
3044,健鼎,100.0,4.53,17.62,13.19,7.57,3.56,15.98,3.74,-1
3046,建碁,11.11111111111111,0.03,27.59,-18.46,-1.7,0.11,-23.35,0.08,1
3048,益登,100.0,0.9,3.47,11.65,1.73,19.75,18.12,2.87,1
3050,鈺德,66.66666666666666,0.34,31.79,2.63,0.4,-4.03,44.75,1.9,-1
3052,夆典,88.88888888888889,0.51,9.29,9.95,1.41,51.83,7.52,4.81,-1
3054,立萬利,44.44444444444444,0.24,2.22,2.34,0.28,-8.97,88.39,0.97,-1
3055,蔚華科,100.0,0.67,20.46,2.71,0.62,2.66,46.45,2.33,-1
3056,總太,100.0,1.92,30.81,21.31,3.91,49.67,10.42,4.71,1
3057,喬鼎,44.44444444444444,0.52,37.81,-5.76,-0.33,-9.63,-40.91,3.85,1
3058,立德,88.88888888888889,0.47,14.48,0.96,0.22,-6.88,72.05,2.97,1
3059,華晶,88.88888888888889,0.64,12.9,1.13,0.37,-14.28,104.73,1.65,1
3062,建漢,100.0,0.45,7.5,3.53,0.59,-8.52,54.15,1.41,1
3064,泰偉,11.11111111111111,0.01,45.21,-42.41,-1.99,22.99,-6.81,0.07,-1
3066,李洲,11.11111111111111,0.02,8.94,-11.62,-0.69,-5.52,-45.43,0.06,1
3078,僑威,100.0,1.62,21.38,13.49,2.48,7.12,16.13,4.05,-1
3083,網龍,11.11111111111111,0.06,86.29,-4.01,-0.67,-7.87,-69.55,0.13,-1
3086,華義,11.11111111111111,0.07,35.52,-33.02,-1.65,-15.55,-56.24,0.08,1
3088,艾訊,100.0,3.6,35.3,22.4,5.2,6.83,10.23,6.77,-1
3089,元炬,11.11111111111111,0.03,6.71,-19.69,-1.84,20.16,-22.83,0.07,1
3090,日電貿,100.0,2.49,16.97,16.44,3.32,22.72,16.72,4.49,-1
3093,港建,100.0,2.02,36.35,9.85,2.36,4.06,33.26,2.57,1
3094,聯傑,100.0,0.94,68.18,4.87,0.72,-4.3,48.4,2.7,1
3095,及成,11.11111111111111,0.11,12.62,-31.84,-2.16,-24.67,-1.39,3.67,-1
3115,寶島,11.11111111111111,0.11,7.64,-2.63,-0.17,-5.8,-77.65,0.83,-1
3118,進階,100.0,1.7,35.08,12.02,1.88,3.6,15.82,5.71,-1
3128,昇銳,55.55555555555556,0.25,19.6,0.95,0.09,-2.71,257.22,1.08,1
3130,一零四,100.0,7.88,75.85,20.11,8.72,3.32,20.07,4.5,1
3144,新揚科,100.0,1.03,20.36,12.53,1.83,16.29,20.82,2.7,-1
3152,璟德,100.0,8.67,57.25,21.28,9.53,9.24,36.62,2.48,-1
3162,精確,11.11111111111111,0.01,10.52,-12.86,-0.91,1.31,-51.26,0.02,1
3169,亞信,100.0,1.77,39.7,11.59,1.82,7.67,150.0,0.65,1
3171,新洲,55.55555555555556,0.5,20.38,9.45,1.13,19.71,18.19,2.43,-1
3188,安茂微,33.33333333333333,0.14,19.09,-2.27,-0.01,85.59,-1805.0,0.78,1
3205,佰研,33.33333333333333,0.95,27.59,5.33,1.01,23.75,25.74,3.65,-1
3209,全科,100.0,1.13,4.64,11.99,2.08,11.62,13.92,3.9,1
3213,茂訊,100.0,3.3,23.24,18.19,4.13,3.4,14.62,5.46,1
3217,優群,100.0,2.41,35.06,13.34,2.91,4.78,42.61,1.94,1
3218,大學光,88.88888888888889,1.44,54.93,8.42,1.93,11.41,141.97,0.53,-1
3219,倚強,11.11111111111111,0.06,34.13,-11.44,-0.75,51.37,-121.2,0.07,1
3224,三顧,11.11111111111111,0.05,9.99,-4.54,-0.61,-3.73,-101.31,0.08,1
3226,至寶電,66.66666666666666,1.72,22.14,16.93,2.57,30.95,23.97,2.79,-1
3227,原相,100.0,3.87,50.59,8.75,4.41,10.85,35.15,2.5,-1
3228,金麗科,11.11111111111111,0.1,69.34,-6.12,-0.46,6.45,-977.17,0.02,1
3229,晟鈦,11.11111111111111,0.04,14.38,-10.44,-0.87,-9.36,-7.83,0.59,-1
3230,錦明,11.11111111111111,0.0,7.63,-8.72,-1.0,-7.69,-19.65,0.0,1
3231,緯創,100.0,1.54,4.75,8.43,1.95,3.2,14.95,5.28,-1
3232,昱捷,77.77777777777779,0.36,11.67,3.83,0.48,1.14,58.02,1.29,1
3236,千如,77.77777777777779,0.31,19.66,8.2,1.14,7.62,21.93,1.24,-1
3259,鑫創,11.11111111111111,0.04,30.25,-15.42,-1.3,2.58,-20.88,0.15,-1
3260,威剛,100.0,3.05,10.32,10.7,4.17,2.99,22.3,3.28,1
3264,欣銓,100.0,1.43,30.73,11.7,2.51,8.28,22.95,2.48,1
3265,台星科,100.0,1.47,27.21,11.01,3.12,-0.22,10.26,4.59,-1
3266,昇陽,33.33333333333333,0.22,18.73,8.75,1.19,36.21,11.22,1.65,-1
3268,海德威,22.22222222222222,0.07,8.27,2.01,0.48,1.34,62.4,0.23,1
3276,宇環,44.44444444444444,0.12,3.94,-0.11,0.23,9.51,74.57,0.7,1
3284,太普高,66.66666666666666,0.44,14.61,3.16,0.48,-4.54,25.52,3.59,-1
3287,廣寰科,11.11111111111111,0.14,28.36,-0.26,-0.11,0.9,-177.27,0.72,-1
3288,點晶,11.11111111111111,0.0,35.38,-19.02,-0.98,-16.97,-17.19,0.0,1
3289,宜特,88.88888888888889,1.71,28.57,4.58,2.61,9.38,20.8,3.15,-1
3293,鈊象,100.0,12.64,85.75,23.97,14.29,18.06,54.93,1.61,1
3296,勝德,88.88888888888889,0.46,16.16,2.6,0.4,-2.08,44.87,2.56,1
3297,杭特,77.77777777777779,1.01,28.12,1.03,0.41,-13.66,50.24,4.9,1
3303,岱稜,100.0,1.17,24.24,7.3,1.47,-1.38,17.41,4.57,-1
3305,昇貿,100.0,1.52,13.45,5.4,1.74,-5.25,44.77,1.95,1
3306,鼎天,100.0,0.9,21.11,2.53,0.75,-4.17,51.87,2.31,1
3308,聯德,11.11111111111111,0.08,8.19,-6.87,-0.67,-21.2,-12.0,1.0,-1
3310,佳穎,100.0,1.3,22.02,8.84,1.69,16.88,18.64,4.13,-1
3311,閎暉,44.44444444444444,0.7,14.08,-3.15,-0.89,-19.38,-38.31,2.05,-1
3312,弘憶股,77.77777777777779,0.13,4.42,1.2,0.25,4.17,98.6,0.53,1
3313,斐成,11.11111111111111,0.5,11.35,-7.68,-0.92,-25.68,-12.34,4.41,-1
3317,尼克森,44.44444444444444,0.36,19.42,4.24,1.22,-2.63,67.87,0.43,1
3323,加百裕,100.0,1.34,9.34,6.08,1.64,12.73,26.01,3.14,-1
3324,雙鴻,100.0,2.24,16.05,16.43,4.99,13.99,37.98,1.18,-1
3325,旭品,44.44444444444444,0.43,12.63,-0.24,-0.05,8.74,-319.0,2.7,-1
3332,幸康,100.0,2.06,35.52,9.84,2.72,-1.83,14.71,5.15,-1
3339,泰谷,11.11111111111111,0.11,-14.06,-26.35,-2.09,-12.28,-11.44,0.46,1
3356,奇偶,66.66666666666666,2.81,46.0,12.52,3.57,-3.24,8.35,9.43,-1
3360,尚立,88.88888888888889,0.67,2.94,2.38,0.41,12.94,36.34,4.5,-1
3362,先進光,44.44444444444444,0.2,25.67,-0.06,-0.2,17.39,-360.0,0.28,1
3372,典範,11.11111111111111,0.11,-1.7,-10.21,-0.74,-8.88,-34.32,0.43,1
3373,熱映,100.0,1.79,26.18,11.94,2.49,29.62,15.28,4.7,-1
3383,新世紀,11.11111111111111,0.0,-21.43,-35.16,-2.99,-19.26,-1.32,0.0,-1
3388,崇越電,100.0,4.51,16.83,11.38,5.43,1.8,15.14,5.49,1
3390,旭軟,100.0,1.55,17.95,5.64,1.25,-3.14,18.08,6.86,1
3406,玉晶光,55.55555555555556,3.11,27.08,5.71,6.4,9.93,80.0,0.61,-1
3416,融程電,100.0,3.12,36.07,12.39,3.39,5.31,23.13,3.98,-1
3419,譁裕,33.33333333333333,0.11,18.42,-1.26,-0.03,-7.96,-831.67,0.44,1
3434,哲固,44.44444444444444,0.17,13.96,-0.04,0.06,-0.88,298.33,0.95,1
3438,類比科,55.55555555555556,0.69,24.19,2.09,0.59,3.11,148.31,0.79,1
3450,聯鈞,100.0,3.6,24.64,22.25,6.13,14.32,9.23,6.36,-1
3455,由田,77.77777777777779,2.06,43.99,7.69,2.48,9.79,28.67,2.9,1
3466,致振,66.66666666666666,0.59,17.44,-0.73,-0.06,-3.3,-283.33,3.47,1
3481,群創,88.88888888888889,0.28,9.34,1.35,0.29,-6.19,62.07,1.56,1
3484,崧騰,100.0,1.84,22.76,10.47,2.64,6.84,30.64,2.27,1
3489,筌寶,44.44444444444444,0.16,11.52,1.06,0.21,22.74,69.52,1.1,1
3490,單井,88.88888888888889,0.82,30.47,6.72,1.8,34.07,18.31,2.49,-1
3494,誠研,11.11111111111111,0.03,15.15,-12.53,-0.98,-12.41,-5.15,0.59,-1
3498,陽程,66.66666666666666,1.18,30.61,4.11,1.25,3.41,25.76,3.66,-1
3499,環天科,33.33333333333333,0.12,26.21,-1.75,-0.24,-7.41,-81.67,0.61,1
3501,維熹,100.0,3.22,26.18,10.47,4.83,-0.89,9.95,6.7,-1
3504,揚明光,55.55555555555556,0.72,22.76,1.52,0.58,-4.74,222.41,0.56,1
3508,位速,11.11111111111111,0.44,4.9,-12.47,-2.34,-14.97,-23.97,0.78,1
3511,矽瑪,44.44444444444444,0.29,26.81,-3.06,-0.22,0.94,-179.77,0.73,1
3512,皇龍 ,22.22222222222222,0.24,10.9,-1.93,-0.15,23.76,-224.33,0.71,1
3515,華擎,100.0,4.5,20.13,10.8,5.7,7.43,43.95,1.8,1
3518,柏騰,55.55555555555556,0.55,18.21,-8.41,-2.4,-7.82,-9.4,2.44,-1
3520,華盈,11.11111111111111,0.06,10.78,-14.61,-1.13,1.22,-12.12,0.44,-1
3521,鴻翊,11.11111111111111,0.26,13.26,-3.83,-0.35,14.81,-34.29,2.17,-1
3522,御頂,33.33333333333333,0.17,25.94,-6.41,-1.0,-8.27,-10.75,1.58,-1
3526,凡甲,100.0,3.59,36.12,15.66,3.61,0.88,48.34,2.06,1
3527,聚積,100.0,4.08,33.03,10.09,5.26,0.26,38.31,2.02,1
3532,台勝科,100.0,2.21,19.55,7.87,2.85,5.11,89.65,0.86,1
3533,嘉澤,100.0,6.67,33.75,14.49,13.25,9.76,50.94,0.99,1
3535,晶彩,11.11111111111111,0.06,21.96,-3.38,-0.46,16.45,-42.17,0.31,-1
3536,誠創,11.11111111111111,0.12,4.32,-24.85,-1.56,11.43,-3.91,1.97,1
3540,曜越,100.0,1.21,32.68,7.36,1.65,7.03,23.58,3.11,-1
3545,敦泰,100.0,0.84,18.59,1.13,0.03,32.83,5683.33,0.49,1
3548,兆利,100.0,2.33,21.38,8.89,5.1,6.68,11.73,3.9,-1
3552,同致,77.77777777777779,2.69,24.5,11.85,4.64,9.93,38.69,1.5,-1
3556,禾瑞亞,100.0,3.86,54.46,19.2,4.11,7.29,18.61,5.05,1
3557,嘉威,22.22222222222222,0.67,-8.99,-4.83,0.21,639.17,377.14,0.85,-1
3576,聯合再生,22.22222222222222,0.06,-6.53,-17.84,-2.86,1.28,-7.41,0.28,1
3587,閎康,100.0,3.44,35.54,14.75,4.58,18.18,29.37,2.56,1
3588,通嘉,100.0,1.34,35.43,6.3,1.67,5.46,95.21,0.84,1
3596,智易,100.0,3.06,13.82,10.87,4.92,8.79,21.85,2.85,1
3607,谷崧,77.77777777777779,2.03,8.55,-2.96,-0.27,-7.83,-54.26,13.86,-1
3611,鼎翰,100.0,9.56,43.15,28.4,14.94,15.38,13.45,4.76,-1
3615,安可,66.66666666666666,0.37,6.76,-0.78,-0.23,-4.04,-92.17,1.75,-1
3617,碩天,100.0,4.7,42.17,13.68,6.53,9.12,10.7,6.72,-1
3622,洋華,55.55555555555556,0.34,7.6,-8.44,-4.5,-24.14,-6.57,1.15,-1
3652,精聯,88.88888888888889,0.49,32.08,2.17,0.52,-0.4,41.92,2.25,-1
3653,健策,100.0,3.28,25.69,8.39,3.75,7.8,118.67,0.74,1
3701,大眾控,0.0,0.0,11.62,-4.18,-0.33,-7.33,-271.21,0.0,1
3702,大聯大,100.0,2.5,4.33,12.46,3.61,7.17,13.88,4.99,1
4102,永日,33.33333333333333,0.08,15.72,-4.04,-0.53,1.68,-37.64,0.4,-1
4104,佳醫,100.0,2.68,19.97,5.99,3.19,1.25,17.9,4.69,-1
4105,東洋,100.0,3.36,65.22,19.14,4.05,1.62,17.09,4.86,-1
4106,雃博,100.0,0.72,42.96,8.01,1.57,1.75,18.76,2.44,-1
4107,邦特,100.0,3.05,42.07,16.7,4.61,11.12,23.86,2.77,-1
4109,加捷生醫 ,55.55555555555556,0.13,29.51,-2.9,-0.2,-6.57,-68.0,0.96,-1
4111,濟生,100.0,0.68,31.68,6.9,1.22,4.84,18.77,2.97,-1
4113,聯上,88.88888888888889,0.67,30.16,9.99,1.93,37.24,7.56,4.59,-1
4114,健喬,100.0,0.21,42.6,2.49,0.99,14.37,22.68,0.94,-1
4119,旭富,100.0,3.16,36.47,12.91,4.54,13.22,17.29,4.03,-1
4121,優盛,55.55555555555556,0.22,29.45,1.14,0.35,6.12,59.43,1.06,-1
4123,晟德,100.0,0.76,42.02,10.76,3.5,78.18,17.74,1.22,-1
4126,太醫,100.0,3.1,33.46,15.96,4.81,5.53,15.11,4.26,-1
4127,天良,44.44444444444444,0.24,57.96,-6.09,-0.62,-6.49,-23.55,1.64,1
4128,中天,11.11111111111111,0.0,39.41,-1.39,-0.12,4.16,-540.0,0.0,1
4129,聯合骨,100.0,1.11,68.29,5.66,1.39,14.08,21.26,3.76,-1
4131,晶宇,0.0,0.0,40.98,-14.79,-0.58,44.34,-11.52,0.0,-1
4133,亞諾法,100.0,0.72,48.26,4.19,0.85,-0.2,49.76,1.7,-1
4205,中華食,100.0,2.09,35.7,16.25,2.85,4.14,46.14,1.59,1
4207,環泰,77.77777777777779,0.43,13.84,7.36,0.86,2.78,15.76,3.17,1
4303,信立,66.66666666666666,3.68,15.62,16.67,2.83,-8.23,11.34,11.46,1
4304,勝昱,11.11111111111111,0.0,7.77,-21.73,-1.42,-7.57,-4.72,0.0,-1
4306,炎洲,100.0,0.44,12.8,3.91,0.72,-3.02,20.83,2.93,-1
4401,東隆興,100.0,2.62,16.66,16.45,3.27,-2.44,10.41,7.69,1
4402,福大,0.0,0.0,-7.3,-13.41,-1.19,-18.51,-5.24,0.0,1
4406,新昕,11.11111111111111,0.06,0.66,-2.08,-0.24,-9.94,-49.79,0.5,1
4413,飛寶,11.11111111111111,0.01,8.46,-11.86,0.2,38.46,58.25,0.09,-1
4414,如興,33.33333333333333,0.0,11.8,-6.25,-0.65,38.13,-10.85,0.0,-1
4416,三圓,88.88888888888889,3.61,35.0,8.68,4.16,51.29,26.8,3.24,1
4417,金洲,100.0,1.69,23.58,14.58,3.52,2.51,9.99,4.81,-1
4419,元勝,0.0,0.0,-17.22,-27.3,-1.13,-40.97,-8.85,0.0,-1
4420,光明,100.0,1.45,7.88,10.71,2.48,2.3,12.22,4.79,1
4426,利勤,88.88888888888889,0.43,33.61,16.11,2.97,13.23,7.07,2.05,-1
4502,健信 ,44.44444444444444,0.2,9.25,-6.18,-0.08,6.53,-506.25,0.49,-1
4503,金雨,11.11111111111111,0.06,17.09,0.41,0.16,3.34,167.19,0.22,1
4506,崇友,100.0,2.09,27.11,14.67,2.95,3.84,21.97,3.23,1
4510,高鋒,77.77777777777779,0.52,18.94,4.29,0.74,1.12,15.0,4.68,-1
4513,福裕,22.22222222222222,0.14,24.54,2.37,0.18,-8.83,78.89,0.99,1
4523,永彰,66.66666666666666,0.13,15.12,-5.86,-1.15,-6.66,-25.13,0.45,-1
4526,東台,77.77777777777779,0.54,22.52,3.09,0.58,-0.07,29.31,3.18,-1
4527,方土霖,100.0,1.84,25.4,14.25,2.47,1.41,11.05,6.74,-1
4528,江興,100.0,1.6,25.48,14.44,3.15,7.13,12.94,3.93,-1
4529,淳紳,11.11111111111111,0.05,37.76,-18.09,-2.77,606.56,-4.91,0.37,-1
4530,宏易創新,11.11111111111111,0.06,11.19,-9.65,-0.78,-18.48,-12.82,0.6,-1
4532,瑞智,100.0,1.45,16.15,11.16,2.02,2.14,9.43,7.61,-1
4533,協易機,100.0,0.43,25.35,4.49,0.72,-3.65,16.67,3.58,-1
4534,慶騰,44.44444444444444,0.21,14.96,3.04,0.38,9.42,34.21,1.62,1
4535,至興,100.0,1.78,16.56,8.92,2.4,-4.45,14.06,5.27,1
4609,唐鋒,11.11111111111111,0.11,13.24,-10.79,-0.81,-8.68,-9.63,1.41,-1
4702,中美實,0.0,0.0,15.33,-10.73,-0.76,16.45,-18.29,0.0,1
4706,大恭,100.0,0.97,19.78,7.62,1.32,-1.87,14.32,5.13,-1
4707,磐亞,66.66666666666666,0.08,21.38,6.83,0.69,-14.36,18.04,0.64,-1
4711,永純,100.0,0.83,11.2,4.33,0.8,-12.3,24.44,4.25,1
4714,永捷,88.88888888888889,0.39,16.77,2.57,0.49,-7.86,28.78,2.77,1
4720,德淵,100.0,0.43,20.79,6.23,0.77,3.72,18.44,3.03,-1
4729,熒茂,11.11111111111111,0.06,13.8,-4.36,-1.19,-7.09,-10.88,0.46,-1
4903,聯光通,33.33333333333333,0.1,12.8,-2.49,-0.26,2.1,-52.31,0.74,1
4906,正文,88.88888888888889,1.15,11.76,5.23,1.41,-2.73,19.65,4.15,-1
4908,前鼎,100.0,1.14,30.92,10.27,1.7,-6.72,18.35,3.65,-1
4909,新復興,100.0,1.01,17.99,6.54,1.68,-11.17,13.3,4.52,1
5007,三星,100.0,2.39,22.32,17.04,3.27,-1.4,17.28,4.23,1
5009,榮剛,100.0,0.5,14.91,3.86,0.88,-4.64,24.2,2.35,1
5011,久陽,66.66666666666666,0.64,8.46,3.12,0.38,10.42,105.26,1.6,-1
5013,強新,88.88888888888889,0.44,12.0,10.27,1.69,2.13,21.36,1.22,1
5014,建錩,55.55555555555556,0.22,5.12,2.35,0.3,1.27,72.0,1.02,1
5015,華祺,100.0,2.28,16.34,14.16,2.58,-2.11,13.91,6.35,1
5016,松和,100.0,1.9,12.63,11.1,2.67,-2.11,14.03,5.07,1
5102,富強,100.0,0.72,14.38,6.17,0.86,-11.36,23.66,3.54,1
5201,凱衛,88.88888888888889,0.89,47.14,9.68,1.14,6.52,23.2,3.36,-1
5202,力新,11.11111111111111,0.05,66.63,-2.9,-0.35,2.0,-54.43,0.26,-1
5203,訊連,100.0,4.14,88.16,10.06,4.8,-8.72,19.06,4.52,-1
5205,中茂,11.11111111111111,0.03,20.43,-100.21,-2.46,405.01,-4.55,0.27,-1
5206,坤悅,66.66666666666666,0.49,27.46,13.03,1.73,38.43,9.22,3.07,-1
5209,新鼎,100.0,3.21,14.98,17.13,3.88,15.55,17.73,4.67,-1
5210,寶碩,11.11111111111111,0.03,71.57,-2.39,-0.24,-2.24,-77.08,0.16,1
5211,蒙恬,77.77777777777779,0.57,66.96,3.59,0.62,-10.56,31.61,2.91,1
5212,凌網,100.0,1.08,50.52,8.97,1.11,6.37,43.74,2.22,-1
5213,亞昕,88.88888888888889,1.06,33.01,10.44,2.09,49.23,10.91,4.65,1
5302,太欣,11.11111111111111,0.06,40.42,-3.0,-0.26,-23.68,-49.62,0.47,1
5306,桂盟,100.0,3.27,38.63,23.32,6.69,94.95,29.97,1.63,-1
5309,系統,11.11111111111111,0.0,11.77,-9.77,-0.69,-2.33,-64.49,0.0,-1
5310,天剛,44.44444444444444,0.03,19.73,-16.8,-0.48,0.01,-32.92,0.19,1
5312,寶島科,100.0,3.8,59.15,15.78,5.54,4.8,10.88,6.3,-1
5314,世紀,11.11111111111111,0.02,41.59,-11.36,-0.71,-17.36,-8.15,0.35,-1
5315,光聯,55.55555555555556,0.74,13.72,10.48,1.11,2.58,15.81,4.22,-1
5324,士開,11.11111111111111,0.11,45.98,18.13,1.24,297.85,7.65,1.16,-1
5328,華容,11.11111111111111,0.03,18.68,0.19,0.02,-6.32,735.0,0.2,1
5340,建榮,11.11111111111111,0.01,5.67,0.31,0.03,3.97,1275.0,0.03,-1
5345,天揚,11.11111111111111,0.03,22.83,-17.28,-0.98,155.19,-5.82,0.53,-1
5347,世界,100.0,2.74,32.67,18.33,3.05,9.43,53.77,1.67,1
5348,系通,0.0,0.0,18.49,-10.12,-0.52,-10.26,-17.35,0.0,-1
5351,鈺創,11.11111111111111,0.02,13.38,-10.0,-0.79,-4.87,-110.89,0.02,1
5355,佳總,11.11111111111111,0.04,10.84,1.57,0.15,-4.08,44.67,0.6,-1
5356,協益,100.0,3.28,11.69,12.08,4.56,-7.49,6.77,10.63,1
5371,中光電,88.88888888888889,2.44,15.86,7.4,3.42,-15.02,24.56,2.9,1
5381,合正,11.11111111111111,0.02,14.06,-4.07,-0.91,-18.04,-6.59,0.33,-1
5383,金利,22.22222222222222,0.08,9.8,-7.92,-1.04,0.4,-39.28,0.2,1
5386,青雲,88.88888888888889,0.58,7.18,21.43,2.32,24.4,20.75,1.2,-1
5388,中磊,100.0,3.2,14.86,17.14,4.5,13.59,14.67,4.85,-1
5392,能率,100.0,0.64,14.68,3.09,1.02,-1.51,24.07,2.61,-1
5398,慕康生醫,44.44444444444444,0.09,28.27,-2.65,-0.42,7.82,-47.14,0.45,-1
5403,中菲,100.0,2.52,28.75,16.77,3.14,11.86,21.5,3.73,1
5425,台半,100.0,1.96,32.44,14.5,2.59,5.49,29.92,2.53,1
5426,振發,66.66666666666666,0.62,19.16,4.44,0.72,0.59,16.74,5.15,-1
5438,東友,100.0,0.82,22.56,6.22,1.06,-7.26,16.75,4.62,1
5439,高技,100.0,1.95,17.93,13.38,2.32,2.92,25.91,3.24,1
5443,均豪,88.88888888888889,1.04,25.13,6.87,0.95,2.24,36.68,2.98,-1
5450,寶聯,11.11111111111111,0.03,26.19,-1.85,-0.22,9.52,-77.73,0.18,-1
5452,佶優,88.88888888888889,0.21,8.73,2.45,0.31,-5.8,67.74,1.0,1
5455,昇益開發,11.11111111111111,0.0,-1.64,-44.33,-1.2,124.2,-23.21,0.0,1
5457,宣德,33.33333333333333,0.34,15.84,8.26,0.9,30.25,83.67,0.45,-1
5460,同協,100.0,0.59,23.7,5.25,0.69,-5.05,18.91,4.52,1
5464,霖宏,77.77777777777779,0.87,6.92,3.48,0.65,-4.91,38.31,3.49,1
5469,瀚宇博,88.88888888888889,0.83,12.75,4.95,2.53,2.21,17.81,1.84,-1
5475,德宏,11.11111111111111,0.06,2.3,-17.59,-1.23,-13.83,-22.56,0.22,1
5478,智冠,100.0,2.59,33.66,7.0,3.86,3.18,24.2,2.77,-1
5484,慧友,11.11111111111111,0.0,23.31,-9.86,-0.85,-18.34,-18.71,0.0,1
5488,松普,22.22222222222222,0.16,8.93,-1.63,-0.22,-8.67,-41.36,1.76,1
5489,彩富,100.0,2.49,38.2,15.33,3.11,0.67,11.64,6.88,1
5490,同亨,100.0,2.35,35.49,14.83,2.62,2.19,10.52,8.53,-1
5493,三聯,100.0,1.89,20.29,12.42,2.77,7.31,15.45,4.42,-1
5508,永信建,100.0,4.65,37.89,23.26,5.42,18.02,11.94,7.19,1
5511,德昌,100.0,1.67,13.42,15.05,3.83,2.11,7.68,5.68,-1
5512,力麒,100.0,0.54,30.2,5.18,0.92,35.71,10.12,5.8,-1
5514,三豐,88.88888888888889,0.41,53.98,13.89,1.68,372.46,12.68,1.92,-1
5515,建國,100.0,0.65,7.77,5.54,0.88,-2.06,15.85,4.66,-1
5516,雙喜,22.22222222222222,0.06,3.04,0.62,0.1,2.13,138.5,0.43,-1
5519,隆大,100.0,0.92,20.53,15.51,2.46,7.97,8.66,4.32,1
5520,力泰,100.0,1.91,8.93,7.75,2.08,2.92,24.62,3.73,1
5522,遠雄建,100.0,3.19,31.19,10.88,5.15,10.2,12.58,4.92,1
5525,順天,100.0,1.08,27.75,10.86,1.88,25.92,15.29,3.76,1
5529,志嘉,33.33333333333333,0.28,24.3,-1.53,0.86,181.09,20.47,1.59,1
5530,龍巖,100.0,2.48,68.72,16.37,4.32,0.59,10.16,5.65,-1
5531,鄉林,66.66666666666666,0.0,38.28,5.83,0.92,3.75,12.17,0.0,-1
5533,皇鼎,100.0,0.59,30.2,7.79,1.85,18.95,10.38,3.07,1
5601,台聯,100.0,0.36,58.69,1.82,0.38,1.21,87.11,1.09,1
5603,陸海,66.66666666666666,0.56,12.76,5.81,0.88,-1.5,35.06,1.82,1
5604,中連貨,100.0,3.21,39.69,10.5,3.07,-4.12,25.31,4.13,1
5607,遠雄港,44.44444444444444,0.31,50.41,7.3,1.44,6.84,39.86,0.54,1
5608,四維航,33.33333333333333,0.28,1.89,-7.5,-1.04,-3.78,-41.59,0.65,1
5609,中菲行,100.0,1.63,14.94,15.01,2.51,5.38,40.84,1.59,1
5704,老爺知,88.88888888888889,1.01,40.95,7.71,0.96,5.39,31.09,3.38,-1
5706,鳳凰,100.0,1.93,15.24,13.95,2.63,-8.8,16.03,4.58,1
5820,日盛金,100.0,0.27,8.61,5.79,0.65,1.62,19.0,2.19,1
5903,全家,100.0,5.3,36.01,27.99,6.41,7.7,39.08,2.12,-1
5904,寶雅,100.0,11.44,41.18,38.07,12.69,13.08,38.73,2.33,-1
5905,南仁湖,88.88888888888889,0.29,71.38,2.79,0.3,-0.6,47.0,2.06,1
6005,群益證,100.0,0.51,81.14,6.57,0.87,3.82,18.79,3.12,1
6015,宏遠證,66.66666666666666,0.32,80.1,4.99,0.54,51.75,30.09,1.97,1
6016,康和證,55.55555555555556,0.22,75.18,2.6,0.32,12.15,41.56,1.65,1
6020,大展證,88.88888888888889,0.26,90.01,3.56,0.54,54.74,40.74,1.18,1
6021,大慶證,44.44444444444444,0.27,89.57,2.28,0.34,7.6,62.06,1.28,1
6023,元大期,100.0,2.93,46.61,11.69,3.69,2.48,13.41,5.92,-1
6024,群益期,100.0,2.18,52.84,14.26,3.48,12.94,11.05,5.67,-1
6103,合邦,11.11111111111111,0.17,11.0,-43.07,-0.42,126.51,-16.93,2.39,1
6104,創惟,77.77777777777779,2.07,45.63,11.6,1.92,10.04,95.31,1.13,1
6108,競國,88.88888888888889,1.26,13.74,7.53,1.71,1.13,12.51,5.89,-1
6112,聚碩,100.0,2.0,9.42,12.66,2.63,9.74,14.81,5.13,-1
6113,亞矽,11.11111111111111,0.04,5.94,-3.94,-0.45,-4.11,-28.44,0.31,1
6114,翔昇,66.66666666666666,1.1,18.06,19.89,3.9,25.37,5.96,4.73,-1
6116,彩晶,55.55555555555556,0.22,19.54,5.34,0.69,-6.55,22.83,1.4,1
6117,迎廣,44.44444444444444,0.22,16.77,-4.31,-0.65,-4.32,-24.77,1.37,-1
6118,建達,22.22222222222222,0.06,3.94,0.23,0.03,-0.47,998.33,0.2,1
6120,達運,66.66666666666666,0.25,4.12,-0.64,-0.06,-12.93,-186.67,2.23,-1
6122,擎邦,33.33333333333333,0.18,4.51,2.46,0.4,5.57,30.13,1.49,-1
6123,上奇,100.0,2.19,17.74,14.93,2.84,5.78,17.68,4.36,1
6124,業強,11.11111111111111,0.0,17.59,2.34,0.39,3.83,66.67,0.0,-1
6126,信音,66.66666666666666,0.53,24.04,4.12,0.42,-0.44,68.57,1.84,1
6127,九豪,22.22222222222222,0.06,18.56,-3.72,-0.46,0.15,-59.89,0.22,1
6128,上福,100.0,2.05,40.31,13.56,2.78,31.36,10.5,7.02,-1
6129,普誠,11.11111111111111,0.02,36.04,-2.09,-0.23,-4.68,-137.39,0.06,1
6133,金橋,77.77777777777779,0.23,20.34,1.39,0.19,-4.66,45.63,2.65,-1
6134,萬旭,11.11111111111111,0.06,12.38,-8.98,-1.01,-8.24,-21.83,0.27,1
6138,茂達,100.0,2.57,29.16,14.08,2.85,5.87,89.47,1.01,1
6140,訊達,11.11111111111111,0.02,9.96,0.44,0.04,4.19,530.0,0.09,-1
6141,柏承,100.0,0.41,12.07,2.56,0.37,-0.36,72.03,1.54,-1
6142,友勁,33.33333333333333,0.17,8.99,-5.31,-0.51,-11.76,-21.86,1.52,-1
6143,振曜,100.0,3.76,16.59,15.48,4.21,5.26,13.54,6.6,1
6144,得利,0.0,0.0,32.29,-5.11,-0.29,-15.41,-52.07,0.0,1
6146,耕興,100.0,5.62,46.09,22.32,7.15,7.1,30.07,2.61,-1
6147,頎邦,100.0,2.87,26.41,11.31,4.55,6.1,14.86,4.25,-1
6148,驊宏資,44.44444444444444,0.26,12.29,2.57,0.13,-6.77,106.92,1.87,-1
6151,晉倫,100.0,1.48,16.97,10.53,1.8,-1.57,21.17,3.88,1
6152,百一,22.22222222222222,0.33,12.63,-4.66,-0.41,-12.05,-27.44,2.93,-1
6155,鈞寶,100.0,0.97,27.45,6.48,1.09,-1.13,22.16,4.02,-1
6156,松上,66.66666666666666,0.29,14.99,8.11,1.06,1.13,16.42,1.67,-1
6158,禾昌,77.77777777777779,1.63,24.13,2.97,0.51,-7.03,63.53,5.03,-1
6161,捷波,88.88888888888889,0.77,19.04,5.09,0.76,-14.37,37.96,2.67,1
6163,華電網,55.55555555555556,0.49,19.65,4.16,0.66,4.69,30.3,2.45,1
6164,華興,77.77777777777779,0.46,27.45,3.42,0.46,-7.56,31.52,3.17,1
6165,捷泰,11.11111111111111,0.01,11.19,-8.09,-0.53,4098.91,-71.04,0.03,-1
6167,久正,11.11111111111111,0.02,16.78,10.87,0.63,-3.35,20.48,0.16,1
6168,宏齊,55.55555555555556,0.47,13.1,1.45,0.18,-2.3,153.61,1.7,1
6169,昱泉,11.11111111111111,0.11,37.41,-21.47,-2.73,-0.26,-7.86,0.51,-1
6170,統振,55.55555555555556,0.35,12.94,-0.14,0.24,-7.22,185.63,0.79,1
6173,信昌電,77.77777777777779,1.18,23.1,11.28,2.49,10.33,24.98,1.9,-1
6174,安碁,77.77777777777779,0.69,28.14,6.71,0.77,-2.39,44.61,2.01,1
6176,瑞儀,100.0,6.37,14.65,18.42,9.43,-0.52,10.36,6.52,-1
6179,亞通,77.77777777777779,1.4,11.05,-0.22,0.77,52.68,42.53,4.27,-1
6180,橘子,77.77777777777779,1.8,26.67,6.33,2.15,6.85,28.0,2.99,-1
6182,合晶,44.44444444444444,0.64,18.56,-1.84,-0.16,3.39,-540.63,0.74,1
6183,關貿,100.0,1.37,38.95,11.63,1.6,4.02,31.22,2.74,-1
6184,大豐電,100.0,2.05,46.15,8.3,2.6,15.37,16.83,4.69,-1
6185,幃翔,100.0,1.18,33.48,9.29,1.76,-11.87,7.59,8.84,-1
6186,新潤,100.0,2.03,25.46,19.22,3.2,24243.31,8.34,7.6,-1
6188,廣明,100.0,1.77,16.07,6.17,1.86,1.15,23.06,4.13,-1
6189,豐藝,100.0,2.58,8.25,14.91,2.83,4.14,14.33,6.36,1
6190,萬泰科,55.55555555555556,0.43,11.52,2.72,0.32,-2.47,106.25,1.26,1
6191,精成,55.55555555555556,0.29,10.87,2.62,0.83,-4.18,46.57,0.75,1
6192,巨路,100.0,3.09,28.47,15.67,5.63,-1.19,12.33,4.45,-1
6194,育富,100.0,0.97,10.39,2.27,0.61,7.78,39.26,4.05,-1
6195,詩肯,100.0,3.7,57.71,23.3,4.65,5.83,11.31,7.03,1
6196,帆宣,100.0,2.29,11.6,10.64,3.11,8.7,50.16,1.47,1
6197,佳必琪,100.0,1.89,20.2,7.47,1.74,-2.51,21.58,5.03,-1
6198,凌泰,11.11111111111111,0.02,61.9,-13.58,-0.86,3.49,-40.35,0.06,-1
6199,精威,33.33333333333333,0.07,67.63,2.1,0.27,83.3,58.52,0.44,1
6202,盛群,100.0,3.75,47.68,21.15,3.75,5.59,28.93,3.46,1
6204,艾華,100.0,2.1,27.79,6.37,1.55,-4.94,47.48,2.85,-1
6206,飛捷,100.0,4.92,32.57,19.5,5.96,5.16,12.01,6.87,1
6207,雷科,100.0,1.55,25.53,10.81,1.96,-5.36,16.17,4.89,-1
6208,日揚,100.0,1.06,29.7,8.7,1.48,4.66,35.0,2.05,1
6209,今國,33.33333333333333,0.3,7.55,-1.74,-0.21,-7.27,-165.71,0.86,-1
6212,理銘,55.55555555555556,1.17,40.01,14.28,2.35,12743.21,25.28,1.97,-1
6214,精誠,100.0,4.44,26.33,7.78,4.19,6.72,20.55,5.16,-1
6217,中探針,100.0,1.28,36.89,10.0,2.14,10.57,24.58,2.43,1
6219,富旺,88.88888888888889,0.69,26.58,12.34,1.43,33.53,12.45,3.88,1
6220,岳豐,77.77777777777779,1.15,20.89,8.68,1.69,9.56,13.17,5.17,-1
6221,晉泰,100.0,1.04,20.74,13.71,2.44,8.86,20.49,2.08,-1
6222,上揚,11.11111111111111,0.02,-0.24,-14.22,-0.87,70.27,-17.36,0.13,-1
6223,旺矽,100.0,2.81,43.7,10.28,4.94,5.98,22.87,2.49,-1
6224,聚鼎,100.0,4.03,48.73,19.41,4.85,1.89,25.77,3.22,1
6225,天瀚,11.11111111111111,0.03,-42.96,-169.06,-1.09,8.75,-5.96,0.46,1
6226,光鼎,66.66666666666666,0.11,27.28,0.03,-0.02,-2.05,-765.0,0.72,1
6227,茂綸,100.0,0.99,9.05,8.79,1.69,19.09,22.46,2.61,1
6228,全譜,11.11111111111111,0.04,20.91,-15.37,-1.21,-4.35,-9.5,0.35,1
6229,研通,100.0,0.61,13.71,5.13,0.67,10.28,64.78,1.41,1
6230,超眾,100.0,4.23,22.21,18.69,7.35,7.66,22.59,2.55,-1
6231,系微,100.0,1.38,82.12,8.14,1.54,-2.49,56.43,1.59,-1
6234,高僑,100.0,0.52,4.56,2.53,0.6,8.31,34.25,2.53,-1
6235,華孚,44.44444444444444,0.38,14.51,-1.45,0.86,6.97,29.65,1.49,1
6236,康呈生,0.0,0.0,68.55,-26.14,-1.11,70.44,-15.05,0.0,1
6237,驊訊,100.0,0.54,58.33,3.17,0.64,13.21,155.0,0.54,1
6239,力成,100.0,3.81,18.88,10.88,5.18,7.99,18.57,3.96,-1
6241,易通展,33.33333333333333,0.54,17.85,1.19,0.29,73.03,72.41,2.57,-1
6242,立康,66.66666666666666,1.24,56.08,-5.3,1.56,14.42,24.52,3.24,-1
6243,迅杰,11.11111111111111,0.18,24.86,-11.71,-1.21,-3.29,-57.85,0.26,1
6244,茂迪,11.11111111111111,0.02,-1.19,-21.15,-4.14,-13.49,-8.22,0.06,-1
6245,立端,100.0,2.11,28.85,17.08,3.8,12.67,13.11,4.24,-1
6247,淇譽電,55.55555555555556,0.13,19.31,-3.39,-0.35,-3.41,-29.0,1.28,-1
6248,沛波,55.55555555555556,0.62,3.78,-11.83,0.04,45.4,513.75,3.02,-1
6251,定穎,11.11111111111111,0.04,11.32,-0.02,-0.04,1.14,-563.75,0.18,1
6257,矽格,100.0,2.05,29.1,11.98,2.85,12.13,21.05,3.42,1
6259,百徽,11.11111111111111,0.11,14.33,-19.25,-1.1,-11.68,-31.82,0.31,1
6261,久元,100.0,3.76,27.99,8.55,4.2,1.96,20.31,4.41,1
6265,方土昶,33.33333333333333,0.2,3.03,-0.28,-0.01,-14.48,-1910.0,1.05,1
6269,台郡,100.0,3.94,23.07,19.19,9.12,17.82,11.4,3.79,-1
6271,同欣電,100.0,5.43,26.82,11.59,7.13,6.25,41.44,1.84,1
6274,台燿,100.0,2.7,19.83,15.2,4.41,5.89,23.13,2.65,-1
6275,元山,55.55555555555556,0.4,20.0,5.95,0.61,6.8,54.67,1.2,1
6277,宏正,100.0,4.89,58.85,23.5,7.44,1.09,10.95,6.0,-1
6278,台表科,100.0,1.78,9.67,10.4,4.11,-0.24,28.83,1.5,-1
6279,胡連,100.0,5.06,39.36,17.84,7.06,4.84,18.77,3.82,1
6282,康舒,100.0,1.31,15.24,11.24,1.87,-0.45,17.73,3.95,1
6283,淳安,11.11111111111111,0.06,14.08,-8.58,-0.6,7.08,-77.0,0.13,1
6284,佳邦,88.88888888888889,0.63,21.54,3.11,0.97,6.85,65.98,0.98,-1
6285,啟碁,100.0,3.05,12.99,13.16,4.81,7.37,15.22,4.17,-1
6289,華上,11.11111111111111,0.08,-105.75,-130.61,-1.1,-16.48,-2.22,3.28,-1
6290,良維,100.0,2.22,15.0,10.5,2.92,-1.68,17.64,4.31,-1
6291,沛亨,11.11111111111111,0.0,25.71,-60.63,-1.57,-5.76,-27.23,0.0,1
6292,迅德,100.0,2.75,30.6,14.33,2.9,-3.94,14.59,6.5,1
6294,智基,77.77777777777779,4.92,37.93,37.5,6.93,31.76,18.25,3.89,-1
6505,台塑化,100.0,3.13,7.68,13.04,4.04,-4.96,24.01,3.23,-1
6508,惠光,100.0,1.48,23.47,9.06,2.24,-1.59,14.62,4.52,-1
6509,聚和,100.0,0.56,22.77,5.23,0.83,0.45,79.04,0.85,1
6603,富強鑫,100.0,0.26,24.38,3.63,0.53,-0.04,37.08,1.32,1
6605,帝寶,100.0,2.74,26.92,10.36,6.68,2.04,8.85,4.64,-1
8016,矽創,100.0,5.06,28.06,19.99,7.18,13.7,41.5,1.7,1
8021,尖點,100.0,1.09,29.57,6.3,1.8,3.71,23.25,2.6,1
8024,佑華微,77.77777777777779,0.34,30.12,0.86,0.15,-5.79,174.0,1.3,1
8032,光菱,100.0,1.64,12.92,9.51,2.54,-5.6,10.94,5.9,1
8034,榮群,11.11111111111111,0.02,40.8,3.16,0.29,6.6,56.21,0.12,-1
8039,台虹,100.0,2.39,21.05,11.01,3.58,4.54,13.18,5.06,-1
8040,九暘,11.11111111111111,0.02,33.46,-5.94,-0.55,-2.23,-140.18,0.03,1
8042,金山電,100.0,2.45,24.18,10.07,3.35,1.8,14.36,5.09,-1
8044,網家,77.77777777777779,2.59,15.26,8.77,3.26,14.11,40.8,1.95,1
8046,南電,77.77777777777779,0.93,2.78,0.1,0.06,0.88,10016.67,0.15,1
8047,星雲,77.77777777777779,0.22,33.05,3.32,0.39,-4.94,32.44,1.74,-1
8048,德勝,100.0,1.77,28.97,14.91,2.28,11.66,15.88,4.89,1
8050,廣積,100.0,2.85,29.04,12.23,3.17,7.41,12.56,7.16,-1
8054,安國,100.0,1.13,37.24,2.79,0.86,-9.58,78.84,1.67,1
8064,東捷,77.77777777777779,0.62,16.93,4.92,0.65,9.38,32.69,2.92,1
8066,來思達,88.88888888888889,5.46,14.03,29.87,6.34,90.14,5.06,17.01,-1
8067,志旭,11.11111111111111,0.0,20.73,-14.37,-1.02,-10.76,-8.99,0.0,-1
8068,全達,11.11111111111111,0.07,5.53,-3.28,-0.03,7.04,-860.0,0.27,1
8070,長華,100.0,7.03,11.22,14.38,10.15,1.53,3.33,20.8,-1
8071,能率網通,100.0,0.44,18.35,6.12,0.8,3.58,15.25,3.61,-1
8076,伍豐,100.0,0.54,27.15,5.06,0.93,0.72,32.8,1.77,1
8077,洛碁,0.0,0.0,10.24,-26.87,-0.99,71.62,-11.11,0.0,1
8080,永利聯合,11.11111111111111,0.02,-3.84,-57.29,-1.34,2.03,-5.22,0.29,1
8081,致新,100.0,6.14,34.43,13.89,6.85,6.09,36.72,2.44,1
8083,瑞穎,100.0,7.96,38.46,29.44,8.52,12.35,20.6,4.54,-1
8085,福華,11.11111111111111,0.04,3.3,-8.53,-0.8,-16.35,-20.25,0.25,1
8086,宏捷科,77.77777777777779,1.83,25.54,12.28,2.54,21.74,57.48,1.25,-1
8087,華鎂鑫,22.22222222222222,0.03,19.04,-1.84,-0.2,-14.47,-127.5,0.12,1
8088,品安,100.0,1.26,9.75,10.44,1.6,-2.64,15.28,5.15,-1
8091,翔名,100.0,4.11,32.79,13.72,5.08,3.91,14.06,5.76,-1
8092,建暐,11.11111111111111,0.04,15.39,-3.48,-0.33,0.34,-27.79,0.44,-1
8093,保銳,11.11111111111111,0.08,31.92,-5.82,-0.49,-4.12,-16.33,1.0,-1
8096,擎亞,55.55555555555556,0.24,3.01,1.41,0.42,12.23,31.55,1.81,-1
8097,常珵,11.11111111111111,0.08,13.24,-4.4,-0.76,-3.6,-41.38,0.25,1
8101,華冠,11.11111111111111,0.03,4.3,-25.63,-1.47,-13.86,-1.63,1.26,-1
8103,瀚荃,100.0,1.57,31.22,10.3,3.0,5.17,16.38,3.19,1
8105,凌巨,44.44444444444444,0.07,8.67,-1.34,-0.22,-6.65,-56.36,0.56,-1
8110,華東,77.77777777777779,0.25,8.57,3.97,0.69,-2.61,26.74,1.36,1
8111,立碁,33.33333333333333,0.2,22.16,-1.17,-0.12,-4.41,-183.33,0.91,1
8112,至上,100.0,1.95,2.68,13.66,2.55,21.15,17.51,4.37,1
8114,振樺電,100.0,5.93,38.58,26.06,7.27,18.32,14.92,5.47,1
8121,越峰,11.11111111111111,0.07,10.99,-6.4,-0.82,-4.47,-66.95,0.13,1
8131,福懋科,100.0,1.81,14.0,9.42,2.23,-1.85,17.53,4.63,-1
8163,達方,100.0,1.71,14.69,6.64,2.05,-1.81,24.2,3.45,-1
8182,加高,100.0,0.84,16.9,4.46,1.13,-4.78,50.44,1.47,1
8183,精星,66.66666666666666,0.29,10.33,4.42,0.67,-0.95,104.03,0.42,1
8201,無敵,11.11111111111111,0.06,16.9,-12.55,-2.43,-1.39,-7.0,0.35,1
8213,志超,100.0,2.52,15.71,11.65,4.69,4.14,10.02,5.36,-1
8234,新漢,100.0,0.97,24.81,9.95,1.65,7.75,14.21,4.14,-1
8240,華宏,77.77777777777779,0.88,10.28,1.84,0.66,0.85,45.83,2.91,-1
8249,菱光,100.0,1.42,13.29,6.55,1.74,-4.21,14.48,5.63,1
8255,朋程,100.0,5.17,30.35,15.13,6.37,1.06,37.68,2.15,1
8261,富鼎,77.77777777777779,0.56,15.51,3.6,0.67,3.09,164.18,0.51,1
8277,商丞,11.11111111111111,0.06,6.79,-6.7,-0.69,-14.14,-18.99,0.46,1
8299,群聯,100.0,13.49,21.3,21.66,23.72,4.77,20.15,2.82,1
8349,恒耀,100.0,3.37,21.87,13.28,4.1,12.22,14.12,5.82,-1
8374,羅昇,77.77777777777779,0.29,16.2,0.43,0.06,-5.56,501.67,0.96,-1
8383,千附,100.0,2.14,24.31,11.09,2.87,3.81,14.02,5.32,-1
8390,金益鼎,100.0,0.57,7.06,2.39,0.72,0.48,45.9,1.72,-1
8905,裕國,100.0,1.06,16.76,11.31,2.12,8.3,9.79,5.11,1
8906,花王,33.33333333333333,0.05,11.55,-1.15,-0.08,-1.81,-196.25,0.32,-1
8908,欣雄,100.0,0.64,7.44,14.99,1.86,15.29,30.54,1.13,-1
8916,光隆,100.0,2.86,14.29,11.25,3.29,1.95,12.31,7.06,-1
8917,欣泰,100.0,1.33,17.83,11.45,1.77,3.95,50.28,1.49,1
8923,時報,100.0,0.86,46.49,6.51,0.91,1.49,18.79,5.03,-1
8924,大田,55.55555555555556,1.54,16.44,5.92,2.01,8.23,76.62,1.0,1
8926,台汽電,100.0,1.43,11.23,8.79,1.67,29.71,22.54,3.8,-1
8927,北基,55.55555555555556,0.11,12.21,1.33,0.16,-0.36,200.31,0.34,1
8928,鉅明,77.77777777777779,1.4,16.25,13.48,1.93,1.49,17.69,4.1,1
8929,富堡,100.0,1.15,20.16,7.69,1.81,-3.2,11.55,5.5,-1
8930,青鋼,88.88888888888889,0.57,18.44,5.62,1.06,-2.89,14.01,3.84,-1
8933,愛地雅,55.55555555555556,0.17,10.24,-7.76,-0.55,-2.79,-20.55,1.5,-1
8936,國統,77.77777777777779,0.65,12.9,2.13,0.56,17.31,37.05,3.13,-1
8937,合騏,55.55555555555556,0.08,11.34,0.06,0.01,-4.17,1280.0,0.63,-1
8938,明安,100.0,1.67,12.87,8.5,2.38,2.0,31.13,2.25,1
8941,關中,77.77777777777779,2.17,30.34,-4.01,3.1,-2.11,11.9,5.88,-1
8942,森鉅,100.0,3.87,35.23,12.29,5.2,2.8,12.92,5.76,-1
8996,高力,100.0,1.62,26.0,9.86,2.03,4.72,30.05,2.66,1
9902,台火,44.44444444444444,0.13,5.76,2.58,0.3,20.57,43.17,1.0,1
9904,寶成,100.0,1.36,24.15,10.95,3.48,3.09,9.4,4.16,-1
9905,大華金,100.0,1.58,15.96,9.29,2.13,-0.38,12.35,6.01,1
9908,大台北,100.0,1.04,17.65,6.6,1.4,-3.17,23.75,3.13,-1
9911,櫻花,100.0,2.01,32.75,15.29,2.72,6.49,24.93,2.96,1
9912,偉聯,33.33333333333333,0.72,29.83,6.12,1.11,-2.64,8.35,7.77,1
9917,中興保,100.0,3.93,36.8,18.36,4.38,1.85,23.63,3.8,1
9918,欣天然,100.0,1.24,21.73,8.61,1.4,-2.42,30.43,2.91,1
9919,康那香,100.0,0.58,16.87,1.83,0.42,-0.07,61.67,2.24,-1
9924,福興,100.0,2.3,21.03,13.56,3.53,8.81,11.63,5.6,-1
9926,新海瓦,100.0,1.46,21.44,11.54,1.86,-0.52,26.08,3.01,-1
9930,中聯資,100.0,2.62,18.51,17.97,3.47,7.27,12.88,5.86,-1
9931,欣高,100.0,1.14,16.1,11.25,1.85,0.64,21.38,2.88,-1
9933,中鼎,100.0,2.39,7.59,12.23,2.48,0.38,14.52,6.64,-1
9934,成霖,88.88888888888889,0.76,27.55,6.62,1.28,-1.01,11.56,5.14,-1
9935,慶豐富,33.33333333333333,0.2,15.78,2.98,0.37,6.39,53.78,1.01,-1
9937,全國油,100.0,1.71,9.2,12.47,1.89,-4.95,25.87,3.5,-1
9938,百和,100.0,2.4,35.36,14.28,4.04,7.21,19.36,3.07,-1
9940,信義,100.0,1.32,29.2,15.79,2.45,11.85,13.45,4.01,1
9942,茂順,100.0,4.11,34.95,16.86,5.42,1.83,15.87,4.78,1
9943,好樂迪,100.0,4.14,56.52,19.2,4.81,-3.04,12.49,6.89,-1
9944,新麗,77.77777777777779,0.25,21.25,2.17,0.47,-5.18,50.21,1.06,-1
9949,琉園,33.33333333333333,0.17,70.77,-2.71,-0.32,-12.11,-36.72,1.45,-1
9950,萬國通,55.55555555555556,0.33,13.02,-6.72,-0.43,-5.96,-22.86,3.36,-1
9951,皇田,100.0,4.6,35.96,28.39,7.62,11.01,10.21,5.91,-1
9955,佳龍,11.11111111111111,0.03,1.33,-4.04,-0.75,-5.84,-22.67,0.18,-1
9958,世紀鋼,100.0,0.83,13.11,7.7,1.46,28.85,75.68,0.75,-1
9960,邁達康,88.88888888888889,0.64,30.11,5.81,0.79,-5.26,33.29,2.43,-1
